date,version,hash
2017-11-30,0.0.0,4565542699793e38774fa9510d27eeedc72fb4f0
2018-07-16,0.0.0,63bf71a46fc12856728d4efa72872c7aa2a64840
2018-07-20,0.0.1,a4f4920415de448ca5423457de2c2d940d64b0ad
2018-07-27,0.0.2,c9b1aaff868bd9d0a30d3bae8ad2d14485651f8c
2018-07-30,0.0.3,ef07bcb2af0dd8f86cccfff373942be405c48283
2018-07-31,0.0.4,f8225016a3c817125aebc6f005b9849f370c7825
2018-08-01,0.0.5,128fb114e857eb904f59b90926bdf37acc70c906
2018-08-02,0.0.6,7d76269768e34a82abfe6a011892323792238ac8
2018-08-05,0.0.7,23e45c8209d5fb587b44cee5ebf76890b06c31d6
2018-08-14,0.0.6,145a8ac928a66be44ee634558f47c8a1d52e58e7
2018-08-15,0.0.8,e034c52cf0c9775379b6e9cd185e0b18e96ea1e3
2018-08-16,0.01.002,51c126406d52559d897cc1cc8cbbbe54234439ca
2018-09-09,0.01.010,349c593b3ce29369127d80f1559d8526a783a991
2018-11-27,0.03.00,7d6ca973f4d1b72ef40d1549ff5242258697e48b
2018-11-28,0.05.01,1a9aa7acbc4f346b66ea72346c15e65efcc906cf
2018-12-12,0.06.03,49a3279cb6fcf2d597152fbb1a54a371888e8d25
2018-12-13,0.06.10,2c53daab7c3dd9004f12b031cc191f08dbf2e9e6
2018-12-14,0.06.12,34941e91c1b21013c010bcad635c4f8529d74793
2018-12-15,0.07.04,7c1757fcb931a964c015aa0961fb2f77042a8ed9
2018-12-16,0.08.00,a5e3c2dc0992e3e559111509e3404e23b318918a
2019-04-24,01.00.000,41531d8e72b72bc3516283cc76688278dad6d748
2019-08-14,01.00.000,d3e08611f38cd83bf812654e38cd5dd109ccccd3
2019-09-17,01.00.05,22afd7e009ff3fe695d7ac1fa92166b943621af8
2019-09-27,01.00.06,44ca3c559b1a408d05a7ba91a4c7295c8722cc08
2019-09-30,01.00.07,1e2d11807a92b85d8ef0ac2beb8f7a72d9570138
2019-10-29,01.01.000,33dc2e0f49aeb9501f0c32916865e6f58e1babc4
2019-12-03,01.01.000,82f5959730561222da3a712d5be112f4c6e02643
2019-12-04,01.01.000,ee8e2ab09abb26f1543f61c238015265695d8352
2019-12-18,01.01.000,88f02eeb1978dd4d61819714010477a4d85c335b
2019-12-30,01.01.01,9d67c2bb19936ebf9f78e5a2f45c1e6234e12a5b
2020-01-03,01.01.01,33f1490c5b32fe88e923941641966cf15071d372
2020-01-07,01.02.000,5bcba7cb78d48f459dfb6de37286eade7936f4bf
2020-01-08,01.02.000,bcf537bcbbcb85a487b003b97f0d09c7a074247a
2020-01-14,01.02.000,df49c2a03e105a4ad864c67c9323e424213bb9f9
2020-01-17,01.02.000,e26e887e13ce1928d4f3da117ae08950bcbd1815
2020-01-26,01.02.000,715c0bb39f3a8257554b7d3e93f2e1d5f8f4cb73
2020-02-04,01.02.000,23dda5d2a77aa71f7bacfe16cc6ffbc53bb51c50
2020-05-13,01.02.000,c7c71c702cadaac6957ca092d927f15d4a98de80
2020-05-27,01.02.000,8b482ec5405e82dcb54d7629cf9c8f9c7caad17a
2020-06-17,01.02.000,c48e4ca099e654584d447c48070943827618654b
2020-07-09,01.02.000,3e3caa148012112f1dfbb6ca819f4638b5529709
2020-08-03,01.02.000,640ceee3f936fa834329795780425377a74f5d31
2020-08-24,01.02.000,97111d09ae1fccc2d5d2e64dc503e7e2acfd7854
2020-09-08,01.02.000,b2d7a0cadb925a410dccb510559335356bad19bd
2020-10-19,01.02.000,adeae3ff98f81edc9a26fb7991cb4212bc9a3cbb
2020-11-04,01.02.000,faafffce5cf60763106a4e146489662de270b990
2020-11-05,01.02.000,958a6efa8ec10ad32f8bc8c5dee2a9683a924d29
2021-01-18,01.02.01,18110d1dc4774c4cd919a1345acee41206b704c2
2021-01-30,01.02.01,89b90cda008a3c63b769df7d70d80656c2070244
2021-02-01,01.02.02,30ce52b2fec830fa045daaf59e69d12537607e15
2021-02-06,01.02.02,dcf72801183427a8782434e77f7ed09b65ef7f9e
2021-04-10,01.02.02,288fbe06eba027e575e9cdb4c59030e54701eb6f
2021-04-11,01.02.03,d417ff2a33e53e479a7e2ddceaa94a40a42e047c
2021-04-27,01.02.03,1696693841ce101f3f7b925daa9fabc5191a326c
2021-04-28,01.02.04,5787189de7a755bb9f7e97a260892afbbaf01507
2021-05-27,01.02.05,df1e62a71740718e5c6914d6187edeaa0cf62153
